<?xml version="1.0" encoding="utf-8"?>
<modification>
        <name>Processing.kz</name>
        <code>processing.kz</code>
        <version>2.1.2</version>
        <author>comtronics@mail.ru</author>
        <link>http://demo.radiocity.kz</link>
        
        <file path="admin/controller/common/menu.php">
                <operation error="skip">
                        <search><![CDATA[$data['order_recurring'] = $this->url->link('sale/recurring', 'token=' . $this->session->data['token'], 'SSL');]]></search>
                        <add position="after"><![CDATA[$data['visa_halyk'] = $this->url->link('sale/visa', 'token=' . $this->session->data['token'], 'SSL');]]></add>
                </operation>
                <operation>
                        <search><![CDATA[$data['text_dashboard'] = $this->language->get('text_dashboard');]]></search>
                        <add position="after"><![CDATA[$data['text_visa_halyk'] = 'Visa Processing.kz';]]></add>
                </operation>
        </file>
        <file path="admin/controller/common/menu.php">
                <operation error="skip">
                        <search><![CDATA[$data['order_recurring'] = $this->url->link('sale/recurring', 'token=' . $this->session->data['token'], true);]]></search>
                        <add position="after"><![CDATA[$data['visa_halyk'] = $this->url->link('sale/visa', 'token=' . $this->session->data['token'], true);]]></add>
                </operation>
        </file>
        <file path="admin/view/template/common/menu.tpl">
                <operation>
                        <search><![CDATA[<li><a href="<?php echo $order; ?>"><?php echo $text_order; ?></a></li>]]></search>
                        <add position="after"><![CDATA[
                                <?php if(isset($text_visa_halyk)) { ?>
                                        <li><a href="<?php echo $visa_halyk; ?>"><i class="parent"></i><span><?php echo $text_visa_halyk; ?></span></a></li>
                                <?php } ?>
                         ]]></add>
                </operation>
        </file>

</modification>