<?xml version="1.0" encoding="utf-8"?>
<modification>
  <name>Processing.kz</name>
  <code>processing.kz</code>
  <version>2.1.2(v2.3.x)</version>
  <author>comtronics@mail.ru</author>
  <link>http://demo.radiocity.kz</link>

  <file path="admin/controller/common/column_left.php">
    <operation error="skip">
      <search><![CDATA[if ($sale) {]]></search>
      <add position="before"><![CDATA[
              if ($this->user->hasPermission('access', 'sale/visa')) {
                $sale[] = array(
                  'name'	   => 'Visa Processing.kz',
                  'href'     => $this->url->link('sale/visa', 'token=' . $this->session->data['token'], true),
                  'children' => array()
                );
              }
      ]]></add>
    </operation>
  </file>

</modification>
